original,deleted_aller,deleted_droit,deleted_à,deleted_le,deleted_but
et maintenant une jeune femme qui va droit au but ma sœur roberta tubbs,et maintenant une jeune femme qui va droit au but ma sœur roberta tubbs,et maintenant une jeune femme qui va au but ma sœur roberta tubbs,et maintenant une jeune femme qui va droit au but ma sœur roberta tubbs,et maintenant une jeune femme qui va droit au but ma sœur roberta tubbs,et maintenant une jeune femme qui va droit au ma sœur roberta tubbs
rebecca je je vais aller droit au but,rebecca je je vais droit au but,rebecca je je vais aller au but,rebecca je je vais aller droit au but,rebecca je je vais aller droit au but,rebecca je je vais aller droit au
allons droit au but veux-tu,allons droit au but veux-tu,allons au but veux-tu,allons droit au but veux-tu,allons droit au but veux-tu,allons droit au veux-tu
allons droit au but,allons droit au but,allons au but,allons droit au but,allons droit au but,allons droit au
ça ne vous dérange pas si on va droit au but,ça ne vous dérange pas si on va droit au but,ça ne vous dérange pas si on va au but,ça ne vous dérange pas si on va droit au but,ça ne vous dérange pas si on va droit au but,ça ne vous dérange pas si on va droit au
de fait messieurs je vais aller droit au but,de fait messieurs je vais droit au but,de fait messieurs je vais aller au but,de fait messieurs je vais aller droit au but,de fait messieurs je vais aller droit au but,de fait messieurs je vais aller droit au
je vais aller droit au but,je vais droit au but,je vais aller au but,je vais aller droit au but,je vais aller droit au but,je vais aller droit au
c'est une question qui va droit au but,c'est une question qui va droit au but,c'est une question qui va au but,c'est une question qui va droit au but,c'est une question qui va droit au but,c'est une question qui va droit au
c'est pourquoi messieurs je vais aller droit au but,c'est pourquoi messieurs je vais droit au but,c'est pourquoi messieurs je vais aller au but,c'est pourquoi messieurs je vais aller droit au but,c'est pourquoi messieurs je vais aller droit au but,c'est pourquoi messieurs je vais aller droit au
concentre-toi et va droit au but,concentre-toi et va droit au but,concentre-toi et va au but,concentre-toi et va droit au but,concentre-toi et va droit au but,concentre-toi et va droit au
vous me connaissez alors je vais aller droit au but,vous me connaissez alors je vais droit au but,vous me connaissez alors je vais aller au but,vous me connaissez alors je vais aller droit au but,vous me connaissez alors je vais aller droit au but,vous me connaissez alors je vais aller droit au
vouiez-vous aller droit au but,vouiez-vous droit au but,vouiez-vous aller au but,vouiez-vous aller droit au but,vouiez-vous aller droit au but,vouiez-vous aller droit au
nous allons aller droit au but,nous allons droit au but,nous allons aller au but,nous allons aller droit au but,nous allons aller droit au but,nous allons aller droit au
est-ce qu'on peut aller droit au but,est-ce qu'on peut droit au but,est-ce qu'on peut aller au but,est-ce qu'on peut aller droit au but,est-ce qu'on peut aller droit au but,est-ce qu'on peut aller droit au
je vais aller droit au but tu es seul pour la soirée de noël non,je vais droit au but tu es seul pour la soirée de noël non,je vais aller au but tu es seul pour la soirée de noël non,je vais aller droit au but tu es seul pour la soirée de noël non,je vais aller droit au but tu es seul pour la soirée de noël non,je vais aller droit au tu es seul pour la soirée de noël non
très bien allons droit au but,très bien allons droit au but,très bien allons au but,très bien allons droit au but,très bien allons droit au but,très bien allons droit au
de cette manière ils iront droit au but en un seul coup,de cette manière ils iront droit au but en un seul coup,de cette manière ils iront au but en un seul coup,de cette manière ils iront droit au but en un seul coup,de cette manière ils iront droit au but en un seul coup,de cette manière ils iront droit au en un seul coup
eh bien c'est brutal mais ça va droit au but,eh bien c'est brutal mais ça va droit au but,eh bien c'est brutal mais ça va au but,eh bien c'est brutal mais ça va droit au but,eh bien c'est brutal mais ça va droit au but,eh bien c'est brutal mais ça va droit au
bon allons droit au but alorscyrus je te présente sanders black,bon allons droit au but alorscyrus je te présente sanders black,bon allons au but alorscyrus je te présente sanders black,bon allons droit au but alorscyrus je te présente sanders black,bon allons droit au but alorscyrus je te présente sanders black,bon allons droit au alorscyrus je te présente sanders black
ne me sors pas une longue explication et va droit au but,ne me sors pas une longue explication et va droit au but,ne me sors pas une longue explication et va au but,ne me sors pas une longue explication et va droit au but,ne me sors pas une longue explication et va droit au but,ne me sors pas une longue explication et va droit au
eh bien allons droit au but ça signifie que l'entreprise savait que l'amiante provoquait le cancer,eh bien allons droit au but ça signifie que l'entreprise savait que l'amiante provoquait le cancer,eh bien allons au but ça signifie que l'entreprise savait que l'amiante provoquait le cancer,eh bien allons droit au but ça signifie que l'entreprise savait que l'amiante provoquait le cancer,eh bien allons droit au but ça signifie que l'entreprise savait que l'amiante provoquait cancer,eh bien allons droit au ça signifie que l'entreprise savait que l'amiante provoquait le cancer
allez droit au but,allez droit au but,allez au but,allez droit au but,allez droit au but,allez droit au
alors je vais résumer ça et aller droit au but,alors je vais résumer ça et droit au but,alors je vais résumer ça et aller au but,alors je vais résumer ça et aller droit au but,alors je vais résumer ça et aller droit au but,alors je vais résumer ça et aller droit au
si on allait droit au but,si on allait droit au but,si on allait au but,si on allait droit au but,si on allait droit au but,si on allait droit au
allons droit au but agent burke,allons droit au but agent burke,allons au but agent burke,allons droit au but agent burke,allons droit au but agent burke,allons droit au agent burke
tu vas droit au but papa,tu vas droit au but papa,tu vas au but papa,tu vas droit au but papa,tu vas droit au but papa,tu vas droit au papa
je pensais juste qu'on pourrait aller droit au but,je pensais juste qu'on pourrait droit au but,je pensais juste qu'on pourrait aller au but,je pensais juste qu'on pourrait aller droit au but,je pensais juste qu'on pourrait aller droit au but,je pensais juste qu'on pourrait aller droit au
je sais que vous êtes occupée aussi je vais aller droit au but,je sais que vous êtes occupée aussi je vais droit au but,je sais que vous êtes occupée aussi je vais aller au but,je sais que vous êtes occupée aussi je vais aller droit au but,je sais que vous êtes occupée aussi je vais aller droit au but,je sais que vous êtes occupée aussi je vais aller droit au
trêve de plaisanteries allons droit au but,trêve de plaisanteries allons droit au but,trêve de plaisanteries allons au but,trêve de plaisanteries allons droit au but,trêve de plaisanteries allons droit au but,trêve de plaisanteries allons droit au
tu es bien ma fille tu vas droit au but,tu es bien ma fille tu vas droit au but,tu es bien ma fille tu vas au but,tu es bien ma fille tu vas droit au but,tu es bien ma fille tu vas droit au but,tu es bien ma fille tu vas droit au
alors si t'allais droit au but,alors si t'allais droit au but,alors si t'allais au but,alors si t'allais droit au but,alors si t'allais droit au but,alors si t'allais droit au
il y a aucune intrigue de nos jours ça va droit au but,il y a aucune intrigue de nos jours ça va droit au but,il y a aucune intrigue de nos jours ça va au but,il y a aucune intrigue de nos jours ça va droit au but,il y a aucune intrigue de nos jours ça va droit au but,il y a aucune intrigue de nos jours ça va droit au
louise m'attend pour dîner allons droit au but,louise m'attend pour dîner allons droit au but,louise m'attend pour dîner allons au but,louise m'attend pour dîner allons droit au but,louise m'attend pour dîner allons droit au but,louise m'attend pour dîner allons droit au
j'adorerais me battre avec toi mais je préfère aller droit au but,j'adorerais me battre avec toi mais je préfère droit au but,j'adorerais me battre avec toi mais je préfère aller au but,j'adorerais me battre avec toi mais je préfère aller droit au but,j'adorerais me battre avec toi mais je préfère aller droit au but,j'adorerais me battre avec toi mais je préfère aller droit au
vous semblez aller droit au but,vous semblez droit au but,vous semblez aller au but,vous semblez aller droit au but,vous semblez aller droit au but,vous semblez aller droit au
votre usine est remarquable mais puis-je aller droit au but,votre usine est remarquable mais puis-je droit au but,votre usine est remarquable mais puis-je aller au but,votre usine est remarquable mais puis-je aller droit au but,votre usine est remarquable mais puis-je aller droit au but,votre usine est remarquable mais puis-je aller droit au
bon allons droit au but,bon allons droit au but,bon allons au but,bon allons droit au but,bon allons droit au but,bon allons droit au
je vais aller droit au but milo,je vais droit au but milo,je vais aller au but milo,je vais aller droit au but milo,je vais aller droit au but milo,je vais aller droit au milo
bon allons droit au but d'accord,bon allons droit au but d'accord,bon allons au but d'accord,bon allons droit au but d'accord,bon allons droit au but d'accord,bon allons droit au d'accord
enfin bref allons droit au but,enfin bref allons droit au but,enfin bref allons au but,enfin bref allons droit au but,enfin bref allons droit au but,enfin bref allons droit au
il va droit au but,il va droit au but,il va au but,il va droit au but,il va droit au but,il va droit au
- on peut aller droit au but,- on peut droit au but,- on peut aller au but,- on peut aller droit au but,- on peut aller droit au but,- on peut aller droit au
allons droit au but où est la drogue,allons droit au but où est la drogue,allons au but où est la drogue,allons droit au but où est la drogue,allons droit au but où est la drogue,allons droit au où est la drogue
les gens commencent à s'interroger alors va droit au but d'accord,les gens commencent à s'interroger alors va droit au but d'accord,les gens commencent à s'interroger alors va au but d'accord,les gens commencent s'interroger alors va droit au but d'accord,les gens commencent à s'interroger alors va droit au but d'accord,les gens commencent à s'interroger alors va droit au d'accord
- allons droit au but,- allons droit au but,- allons au but,- allons droit au but,- allons droit au but,- allons droit au
maintenant allons droit au but - le tirage au sort,maintenant allons droit au but - le tirage au sort,maintenant allons au but - le tirage au sort,maintenant allons droit au but - le tirage au sort,maintenant allons droit au but - tirage au sort,maintenant allons droit au - le tirage au sort
vous êtes très occupée alors allons droit au but,vous êtes très occupée alors allons droit au but,vous êtes très occupée alors allons au but,vous êtes très occupée alors allons droit au but,vous êtes très occupée alors allons droit au but,vous êtes très occupée alors allons droit au
puis-je comme on dit chez vous aller droit au but professeur,puis-je comme on dit chez vous droit au but professeur,puis-je comme on dit chez vous aller au but professeur,puis-je comme on dit chez vous aller droit au but professeur,puis-je comme on dit chez vous aller droit au but professeur,puis-je comme on dit chez vous aller droit au professeur
nous nous connaissons alors allons droit au but et dites pourquoi vous êtes ici,nous nous connaissons alors allons droit au but et dites pourquoi vous êtes ici,nous nous connaissons alors allons au but et dites pourquoi vous êtes ici,nous nous connaissons alors allons droit au but et dites pourquoi vous êtes ici,nous nous connaissons alors allons droit au but et dites pourquoi vous êtes ici,nous nous connaissons alors allons droit au et dites pourquoi vous êtes ici
je serai à vos côtés malgré vos insultes parce qu'un révolutionnaire va droit au but coûte que coûte,je serai à vos côtés malgré vos insultes parce qu'un révolutionnaire va droit au but coûte que coûte,je serai à vos côtés malgré vos insultes parce qu'un révolutionnaire va au but coûte que coûte,je serai vos côtés malgré vos insultes parce qu'un révolutionnaire va droit au but coûte que coûte,je serai à vos côtés malgré vos insultes parce qu'un révolutionnaire va droit au but coûte que coûte,je serai à vos côtés malgré vos insultes parce qu'un révolutionnaire va droit au coûte que coûte
- tu vas droit au but,- tu vas droit au but,- tu vas au but,- tu vas droit au but,- tu vas droit au but,- tu vas droit au
chéri il vaut parfois mieux éviter d'aller droit au but,chéri il vaut parfois mieux éviter d' droit au but,chéri il vaut parfois mieux éviter d'aller au but,chéri il vaut parfois mieux éviter d'aller droit au but,chéri il vaut parfois mieux éviter d'aller droit au but,chéri il vaut parfois mieux éviter d'aller droit au
mais allons droit au but et voyons s'il n'y a pas de l'adn de connie dessus,mais allons droit au but et voyons s'il n'y a pas de l'adn de connie dessus,mais allons au but et voyons s'il n'y a pas de l'adn de connie dessus,mais allons droit au but et voyons s'il n'y a pas de l'adn de connie dessus,mais allons droit au but et voyons s'il n'y a pas de l'adn de connie dessus,mais allons droit au et voyons s'il n'y a pas de l'adn de connie dessus
je vais aller droit au but jack,je vais droit au but jack,je vais aller au but jack,je vais aller droit au but jack,je vais aller droit au but jack,je vais aller droit au jack
- je vais aller droit au but,- je vais droit au but,- je vais aller au but,- je vais aller droit au but,- je vais aller droit au but,- je vais aller droit au
j'irais droit au but,j'irais droit au but,j'irais au but,j'irais droit au but,j'irais droit au but,j'irais droit au
laissez tomber les formalités allez droit au but votre idéal est peut-être ici,laissez tomber les formalités allez droit au but votre idéal est peut-être ici,laissez tomber les formalités allez au but votre idéal est peut-être ici,laissez tomber les formalités allez droit au but votre idéal est peut-être ici,laissez tomber les formalités allez droit au but votre idéal est peut-être ici,laissez tomber les formalités allez droit au votre idéal est peut-être ici
d'accord allons droit au but,d'accord allons droit au but,d'accord allons au but,d'accord allons droit au but,d'accord allons droit au but,d'accord allons droit au
pour aller droit au but ma soeur je veux que dieu me choisisse,pour droit au but ma soeur je veux que dieu me choisisse,pour aller au but ma soeur je veux que dieu me choisisse,pour aller droit au but ma soeur je veux que dieu me choisisse,pour aller droit au but ma soeur je veux que dieu me choisisse,pour aller droit au ma soeur je veux que dieu me choisisse
toby allez droit au but je vous en prie,toby allez droit au but je vous en prie,toby allez au but je vous en prie,toby allez droit au but je vous en prie,toby allez droit au but je vous en prie,toby allez droit au je vous en prie
bien j'irais droit au but,bien j'irais droit au but,bien j'irais au but,bien j'irais droit au but,bien j'irais droit au but,bien j'irais droit au
e allons droit au but,e allons droit au but,e allons au but,e allons droit au but,e allons droit au but,e allons droit au
allons droit au but qu'on puisse vite rentrer chez nous,allons droit au but qu'on puisse vite rentrer chez nous,allons au but qu'on puisse vite rentrer chez nous,allons droit au but qu'on puisse vite rentrer chez nous,allons droit au but qu'on puisse vite rentrer chez nous,allons droit au qu'on puisse vite rentrer chez nous
si tu veux quelque chose va droit au but,si tu veux quelque chose va droit au but,si tu veux quelque chose va au but,si tu veux quelque chose va droit au but,si tu veux quelque chose va droit au but,si tu veux quelque chose va droit au
je devrais aller droit au but,je devrais droit au but,je devrais aller au but,je devrais aller droit au but,je devrais aller droit au but,je devrais aller droit au
laisse-moi aller droit au but,laisse-moi droit au but,laisse-moi aller au but,laisse-moi aller droit au but,laisse-moi aller droit au but,laisse-moi aller droit au
allons droit au but est-ce parce qu'elle est noire,allons droit au but est-ce parce qu'elle est noire,allons au but est-ce parce qu'elle est noire,allons droit au but est-ce parce qu'elle est noire,allons droit au but est-ce parce qu'elle est noire,allons droit au est-ce parce qu'elle est noire
elle sait ce qu'elle veut et va droit au but,elle sait ce qu'elle veut et va droit au but,elle sait ce qu'elle veut et va au but,elle sait ce qu'elle veut et va droit au but,elle sait ce qu'elle veut et va droit au but,elle sait ce qu'elle veut et va droit au
tessa je vais aller droit au but,tessa je vais droit au but,tessa je vais aller au but,tessa je vais aller droit au but,tessa je vais aller droit au but,tessa je vais aller droit au
eh bien tu es allé droit au but avec celle-la,eh bien tu es allé droit au but avec celle-la,eh bien tu es allé au but avec celle-la,eh bien tu es allé droit au but avec celle-la,eh bien tu es allé droit au but avec celle-la,eh bien tu es allé droit au avec celle-la
bien allons droit au but,bien allons droit au but,bien allons au but,bien allons droit au but,bien allons droit au but,bien allons droit au
si vous alliez droit au but entendu,si vous alliez droit au but entendu,si vous alliez au but entendu,si vous alliez droit au but entendu,si vous alliez droit au but entendu,si vous alliez droit au entendu
larry je vais aller droit au but,larry je vais droit au but,larry je vais aller au but,larry je vais aller droit au but,larry je vais aller droit au but,larry je vais aller droit au
permettez-moi d'aller droit au but,permettez-moi d' droit au but,permettez-moi d'aller au but,permettez-moi d'aller droit au but,permettez-moi d'aller droit au but,permettez-moi d'aller droit au
si vous êtes au courant de tout allons droit au but,si vous êtes au courant de tout allons droit au but,si vous êtes au courant de tout allons au but,si vous êtes au courant de tout allons droit au but,si vous êtes au courant de tout allons droit au but,si vous êtes au courant de tout allons droit au
vous êtes un homme très occupé clairement alors nous allons droit au but,vous êtes un homme très occupé clairement alors nous allons droit au but,vous êtes un homme très occupé clairement alors nous allons au but,vous êtes un homme très occupé clairement alors nous allons droit au but,vous êtes un homme très occupé clairement alors nous allons droit au but,vous êtes un homme très occupé clairement alors nous allons droit au
tu vas droit au but,tu vas droit au but,tu vas au but,tu vas droit au but,tu vas droit au but,tu vas droit au
pour aller droit au but on s'intéresse à un de vos élèves,pour droit au but on s'intéresse à un de vos élèves,pour aller au but on s'intéresse à un de vos élèves,pour aller droit au but on s'intéresse un de vos élèves,pour aller droit au but on s'intéresse à un de vos élèves,pour aller droit au on s'intéresse à un de vos élèves
insulte-les de hippies et va droit au but,insulte-les de hippies et va droit au but,insulte-les de hippies et va au but,insulte-les de hippies et va droit au but,insulte-les de hippies et va droit au but,insulte-les de hippies et va droit au
et à en juger par vos regards je vais aller droit au but,et à en juger par vos regards je vais droit au but,et à en juger par vos regards je vais aller au but,et en juger par vos regards je vais aller droit au but,et à en juger par vos regards je vais aller droit au but,et à en juger par vos regards je vais aller droit au
je croyais qu'on irait droit au but,je croyais qu'on irait droit au but,je croyais qu'on irait au but,je croyais qu'on irait droit au but,je croyais qu'on irait droit au but,je croyais qu'on irait droit au
je sais que votre temps est précieux donc je vais aller droit au but,je sais que votre temps est précieux donc je vais droit au but,je sais que votre temps est précieux donc je vais aller au but,je sais que votre temps est précieux donc je vais aller droit au but,je sais que votre temps est précieux donc je vais aller droit au but,je sais que votre temps est précieux donc je vais aller droit au
je ne peux y croire vous allez droit au but n'est-ce pas,je ne peux y croire vous allez droit au but n'est-ce pas,je ne peux y croire vous allez au but n'est-ce pas,je ne peux y croire vous allez droit au but n'est-ce pas,je ne peux y croire vous allez droit au but n'est-ce pas,je ne peux y croire vous allez droit au n'est-ce pas
vous allez droit au but,vous allez droit au but,vous allez au but,vous allez droit au but,vous allez droit au but,vous allez droit au
- j'aime qu'il aille droit au but,- j'aime qu'il aille droit au but,- j'aime qu'il aille au but,- j'aime qu'il aille droit au but,- j'aime qu'il aille droit au but,- j'aime qu'il aille droit au
bon maman allons droit au but et essayons de sauver l'anniversaire de rebecca,bon maman allons droit au but et essayons de sauver l'anniversaire de rebecca,bon maman allons au but et essayons de sauver l'anniversaire de rebecca,bon maman allons droit au but et essayons de sauver l'anniversaire de rebecca,bon maman allons droit au but et essayons de sauver l'anniversaire de rebecca,bon maman allons droit au et essayons de sauver l'anniversaire de rebecca
amber je vais aller droit au but,amber je vais droit au but,amber je vais aller au but,amber je vais aller droit au but,amber je vais aller droit au but,amber je vais aller droit au
allons droit au but et passons au jardin,allons droit au but et passons au jardin,allons au but et passons au jardin,allons droit au but et passons au jardin,allons droit au but et passons au jardin,allons droit au et passons au jardin
nous avons beaucoup à nous dire allons droit au but,nous avons beaucoup à nous dire allons droit au but,nous avons beaucoup à nous dire allons au but,nous avons beaucoup nous dire allons droit au but,nous avons beaucoup à nous dire allons droit au but,nous avons beaucoup à nous dire allons droit au
allez droit au but s'il y en a un,allez droit au but s'il y en a un,allez au but s'il y en a un,allez droit au but s'il y en a un,allez droit au but s'il y en a un,allez droit au s'il y en a un
allons droit au but,allons droit au but,allons au but,allons droit au but,allons droit au but,allons droit au
c'est aller droit au but ça,c'est droit au but ça,c'est aller au but ça,c'est aller droit au but ça,c'est aller droit au but ça,c'est aller droit au ça
normal allez droit au but,normal allez droit au but,normal allez au but,normal allez droit au but,normal allez droit au but,normal allez droit au
j'allai droit au but,j'allai droit au but,j'allai au but,j'allai droit au but,j'allai droit au but,j'allai droit au
donc si on allait droit au but,donc si on allait droit au but,donc si on allait au but,donc si on allait droit au but,donc si on allait droit au but,donc si on allait droit au
réunissez-les et allez droit au but,réunissez-les et allez droit au but,réunissez-les et allez au but,réunissez-les et allez droit au but,réunissez-les et allez droit au but,réunissez-les et allez droit au
allons droit au but parlons argent,allons droit au but parlons argent,allons au but parlons argent,allons droit au but parlons argent,allons droit au but parlons argent,allons droit au parlons argent
vous allez droit au but moi aussi,vous allez droit au but moi aussi,vous allez au but moi aussi,vous allez droit au but moi aussi,vous allez droit au but moi aussi,vous allez droit au moi aussi
elle va droit au but,elle va droit au but,elle va au but,elle va droit au but,elle va droit au but,elle va droit au
non je veux aller droit au but et me tailler d'ici au plus vite,non je veux droit au but et me tailler d'ici au plus vite,non je veux aller au but et me tailler d'ici au plus vite,non je veux aller droit au but et me tailler d'ici au plus vite,non je veux aller droit au but et me tailler d'ici au plus vite,non je veux aller droit au et me tailler d'ici au plus vite
j'en ai marre de jouer au chat et à la souris j'ai faith pour ça allons droit au but,j'en ai marre de jouer au chat et à la souris j'ai faith pour ça allons droit au but,j'en ai marre de jouer au chat et à la souris j'ai faith pour ça allons au but,j'en ai marre de jouer au chat et la souris j'ai faith pour ça allons droit au but,j'en ai marre de jouer au chat et à la souris j'ai faith pour ça allons droit au but,j'en ai marre de jouer au chat et à la souris j'ai faith pour ça allons droit au
